id,label
14003,8.23782215435831e-05
14004,1.7422361354005322e-05
14005,0.8500872524566447
14006,0.04732380007837055
14007,0.05598450020512158
14008,2.0047088273723868e-05
14009,0.00014130339183986151
14010,0.22071696288431125
14011,0.2186286859839243
14012,0.3000064716307854
14013,0.26319950397709024
14014,0.05598450020512158
14015,0.10073555732465721
14016,0.19319433656054422
14017,0.2500285116699532
14018,0.05598450020512158
14019,0.15017170360487814
14020,0.05598450020512158
14021,0.05598450020512158
14022,0.10010834232420399
14023,0.5000463303600156
14024,9.546120188110019e-05
14025,0.1007146719814296
14026,-0.0011967287589051967
14027,0.00018225280007942712
14028,0.09893932476382014
14029,0.05598450020512158
14030,8.262359071728453e-05
14031,0.10005861258271032
14032,0.256083462969067
14033,0.15072822972333416
14034,0.30008199743897995
14035,0.14022745123098707
14036,0.09920500685236658
14037,0.00017068042726899046
14038,6.014093332590981e-05
14039,0.12469331428570145
14040,0.05598450020512158
14041,0.10006613870312335
14042,0.05598450020512158
14043,0.017150306290437983
14044,0.40005104716527917
14045,8.798907121243538e-05
14046,7.085586258361032e-05
14047,0.0001479144539807825
14048,4.163878217559869e-05
14049,0.050144705189050204
14050,0.05598450020512158
14051,0.15595951489129545
14052,0.19988486115494608
14053,0.05598450020512158
14054,0.05598450020512158
14055,0.05598450020512158
14056,0.10020185373341892
14057,0.05598450020512158
14058,9.546120188110019e-05
14059,0.0001952622295615103
14060,0.05598450020512158
14061,0.00015108469366996446
14062,5.849884144042833e-05
14063,4.163878217559869e-05
14064,0.05598450020512158
14065,3.716468931145439e-05
14066,0.10206679192005352
14067,9.546120188110019e-05
14068,0.00010085161199784726
14069,0.00018225280007942712
14070,0.0465337256829129
14071,-0.00034402806320091295
14072,5.6166805277022e-05
14073,0.19987439439168916
14074,0.0004729923011331655
14075,1.7422361354005322e-05
14076,-0.02285368735936459
14077,0.05003026935617004
14078,0.00021678059019955565
14079,0.00017411466583680535
14080,0.034108832795461036
14081,0.047754731704903755
14082,0.030493991039472902
14083,0.00018066793468765607
14084,0.0002526447320959635
14085,0.35016616846427695
14086,0.10010008441098422
14087,0.00023026577106000784
14088,4.647758718750311e-05
14089,9.546120188110019e-05
14090,8.349830924420099e-05
14091,0.0001582467452529157
14092,0.10008830896862461
14093,0.00020447042087376466
14094,0.2500565014466942
14095,0.05009216370911165
14096,7.113924908797725e-05
14097,-0.03847008529274569
14098,0.05598450020512158
14099,0.0001882485751643903
14100,0.2500834076533176
14101,9.452605740771503e-05
14102,0.04993401756492341
14103,0.00018066793468765607
14104,0.00020447042087376466
14105,8.109668888822003e-05
14106,0.00026988603160399416
14107,0.19951163074504422
14108,0.05598450020512158
14109,-2.8438848248560356e-05
14110,0.05009216370911165
14111,0.00018066793468765607
14112,0.00017684140602211573
14113,7.113924908797725e-05
14114,-2.8438848248560356e-05
14115,0.017503031693685424
14116,0.2611379961347378
14117,0.05598450020512158
14118,0.05598450020512158
14119,-0.00021544723170287272
14120,0.05598450020512158
14121,-0.00023669258445808972
14122,0.10006613870312335
14123,-2.8438848248560356e-05
14124,0.05009216370911165
14125,0.0002120763194640926
14126,-0.023042841401082745
14127,0.00018066793468765607
14128,8.109668888822003e-05
14129,-0.00019070880971060883
14130,8.109668888822003e-05
14131,5.1662772383442856e-05
14132,0.00013110302125580314
14133,0.22448139051844274
14134,0.35012848488777787
14135,0.00019232007728076095
14136,0.0001676990943369136
14137,0.00020447042087376466
14138,0.0004898180905777705
14139,0.0004387828014103118
14140,-0.023101287112344215
14141,0.05598450020512158
14142,6.872112913569595e-05
14143,3.980257844724e-05
14144,0.05598450020512158
14145,0.05598450020512158
14146,7.113924908797725e-05
14147,0.016476830139479252
14148,0.00011221738052866193
14149,6.872112913569595e-05
14150,3.106064184669327e-05
14151,-2.8438848248560356e-05
14152,0.05598450020512158
14153,0.00011221738052866193
14154,0.019642541950486106
14155,-0.0071983971594541535
14156,0.35012848488777787
14157,8.109668888822003e-05
14158,-9.029511724920058e-06
14159,0.05598450020512158
14160,0.05009841896232822
14161,0.05598450020512158
14162,3.2995651844530682e-06
14163,-0.2564384163182521
14164,0.05598450020512158
14165,0.05598450020512158
14166,3.2995651844530682e-06
14167,0.05598450020512158
14168,0.05598450020512158
14169,0.05598450020512158
14170,0.04702480839484459
14171,0.04538174239141925
14172,0.05598450020512158
14173,0.05598450020512158
14174,0.042588087851537636
14175,0.00016746765843773936
14176,0.0001351935772441748
14177,0.05598450020512158
14178,0.05598450020512158
14179,0.05010900761427461
14180,0.016797636094957442
14181,0.05598450020512158
14182,0.016797636094957442
14183,0.05598450020512158
14184,-0.00021868470114615873
14185,0.00017689494025929786
14186,0.05598450020512158
14187,0.05598450020512158
14188,0.05598450020512158
14189,0.05598450020512158
14190,0.05218754904547369
14191,0.05043927379233577
14192,0.19987439439168916
14193,0.05010900761427461
14194,0.20005944835438236
14195,-0.00017443827424232228
14196,0.000795936190761154
14197,0.05010900761427461
14198,0.05598450020512158
14199,0.00027582974005603556
14200,0.00011899878919764684
14201,0.16243724178318605
14202,0.3000364393633342
14203,0.0003536257231972484
14204,0.1500398259339982
14205,0.00015897750887949869
14206,0.00012893251839762865
14207,0.10015260235903667
14208,0.3172048934697841
14209,3.716468931145439e-05
14210,0.44986033397962905
14211,1.7422361354005322e-05
14212,0.5501127395816752
14213,0.00010387786808957467
14214,0.00027582974005603556
14215,0.20051343420502266
14216,7.151481931415293e-05
14217,0.00026988603160399416
14218,4.461478383166462e-05
14219,-0.022965394429906
14220,-0.022842161917209475
14221,0.00020634189324909846
14222,9.841885708672393e-05
14223,0.20012055077007018
14224,-0.00016741107435495894
14225,-0.00012799940664985632
14226,-6.786874920429453e-05
14227,0.00014130339183986151
14228,0.30512445310160347
14229,0.259887773173809
14230,0.40017355197366505
14231,0.00015822248115913984
14232,0.049356855464652495
14233,0.00035996187943979074
14234,-0.012839467111968955
14235,0.3002188757350966
14236,0.00017068042726899046
14237,6.014093332590981e-05
14238,0.17257557973113405
14239,0.05598450020512158
14240,0.00014791570030339707
14241,0.05598450020512158
14242,0.05598450020512158
14243,-5.1212783163251396e-05
14244,0.0314908405805064
14245,0.05598450020512158
14246,0.047435036290308
14247,0.00020755756150264704
14248,0.00014387945151414505
14249,-2.8438848248560356e-05
14250,0.35012848488777787
14251,0.20004854999205554
14252,0.00019232007728076095
14253,0.00020447042087376466
14254,0.0004387828014103118
14255,8.542467833525663e-05
14256,0.0004387828014103118
14257,0.000148320658156037
14258,0.0004387828014103118
14259,0.0001395707668799956
14260,0.0004387828014103118
14261,0.0001303951662181696
14262,0.0005712417613494142
14263,0.05598450020512158
14264,8.8194536743684e-05
14265,0.00010706316303957936
14266,-0.02307127547447957
14267,1.6605898303247157e-05
14268,-0.0009039835851210876
14269,1.1499938812109534e-05
14270,0.00023422614753143556
14271,0.00013589862629110466
14272,-6.593616862507479e-05
14273,0.00017144081914510778
14274,7.113924908797725e-05
14275,-0.00048556553430033345
14276,3.6079749445250275e-05
14277,-6.593616862507479e-05
14278,-0.0005907302246243307
14279,0.05024678548061543
14280,0.05448761281018284
14281,0.16443329008467678
14282,0.15058966963448184
14283,0.1897955862851396
14284,0.1506494616555613
14285,0.19951163074504422
14286,0.2500834076533176
14287,0.00025357401190925777
14288,0.00020447042087376466
14289,0.0003758198047878053
14290,0.05598450020512158
14291,0.15374945598542483
14292,0.00012014680185079563
14293,0.00014611914623632177
14294,0.0008655372152656521
14295,0.00012014680185079563
14296,-0.00014854914344645392
14297,0.35012848488777787
14298,-2.8438848248560356e-05
14299,0.14999140913053774
14300,0.21272024740212347
14301,5.1662772383442856e-05
14302,0.1588555982413255
14303,0.05598450020512158
14304,0.10010354799942611
14305,0.048042346139850686
14306,4.941897798575734e-05
14307,6.55943092889022e-05
14308,5.849884144042833e-05
14309,0.0001642986156596693
14310,0.0004563812082072072
14311,0.0008655372152656521
14312,8.260004332187598e-05
14313,0.0008655372152656521
14314,0.10049488869845198
14315,0.00024220971822846993
14316,0.40005382712068793
14317,7.113924908797725e-05
14318,7.705563217759448e-05
14319,0.049983871054510236
14320,-7.899683372505212e-05
14321,9.461558373930617e-05
14322,0.05598450020512158
14323,0.05598450020512158
14324,0.05598450020512158
14325,9.977143469155902e-05
14326,0.0001852381839513792
14327,0.0013385156890329888
14328,0.05598450020512158
14329,0.05598450020512158
14330,0.49982412798561876
14331,-0.00031233095061093674
14332,9.977143469155902e-05
14333,0.05598450020512158
14334,0.17766200537309995
14335,0.05014101264559105
14336,0.0001327988926787954
14337,0.3500606685240156
14338,5.914823817271264e-05
14339,0.24932086234701445
14340,0.05598450020512158
14341,-2.8487149721034832e-05
14342,0.017901878448562017
14343,0.00019699077021261002
14344,0.00036704526472436383
14345,-0.0414104810905877
14346,-0.023853033985835617
14347,0.10007651487778185
14348,0.05598450020512158
14349,0.05598450020512158
14350,0.05598450020512158
14351,0.00024388334639482978
14352,0.10009483869764346
14353,0.05598450020512158
14354,-0.023083826372010896
14355,0.05598450020512158
14356,0.05361608262101832
14357,-6.460115138935685e-05
14358,0.00014219394408483688
14359,0.01811087674139391
14360,0.00013661075866336359
14361,0.19451836780088003
14362,-2.8487149721034832e-05
14363,0.30402817809585664
14364,-0.00034402806320091295
14365,0.05598450020512158
14366,0.011850456970071227
14367,-0.013586550956715085
14368,0.040001208196899035
14369,0.00011232183683528019
14370,9.977143469155902e-05
14371,-0.022789613182706794
14372,-4.4546149179286454e-05
14373,2.356632685424076e-05
14374,0.0004730324086013177
14375,9.254848465896359e-05
14376,0.19973343563832488
14377,0.05598450020512158
14378,0.00018679830044654455
14379,9.977143469155902e-05
14380,0.2505722863048959
14381,0.05598450020512158
14382,0.05014101264559105
14383,2.5306356493622062e-05
14384,0.00021778621142238413
14385,0.0868493728532248
14386,0.15118712508993204
14387,0.10041026326876687
14388,1.2409987949268952e-05
14389,0.00013661075866336359
14390,-4.354028400539722e-05
14391,0.08256370608741231
14392,0.3500606685240156
14393,0.00012860006696691767
14394,0.5003931183968774
14395,-2.8487149721034832e-05
14396,0.12374222148679134
14397,0.06441926680697162
14398,0.00015534024723976025
14399,-4.900681249249417e-05
14400,2.5306356493622062e-05
14401,0.00014387945151414505
14402,-0.3431780245830735
14403,0.050087804443796194
14404,0.0002659182395239393
14405,-4.4546149179286454e-05
14406,0.00020901554057684013
14407,0.45007466075493746
14408,0.007009676364139676
14409,0.00018088123586846444
14410,9.977143469155902e-05
14411,0.0518978003245708
14412,0.0001622116143668237
14413,0.05598450020512158
14414,0.05010225462855564
14415,0.017892689762659883
14416,0.00018088123586846444
14417,9.977143469155902e-05
14418,0.10007303431488723
14419,0.05598450020512158
14420,0.0003536257231972484
14421,0.00018088123586846444
14422,9.977143469155902e-05
14423,0.00024388334639482978
14424,0.30402817809585664
14425,-8.571111742643189e-05
14426,0.0001707497978832087
14427,0.12469331428570145
14428,0.05619797687454346
14429,8.277429126804514e-05
14430,0.7000199689882979
14431,-7.816373813682165e-07
14432,0.41819677235538427
14433,0.0001501216154437407
14434,3.491212761586038e-05
14435,0.00010055883235299268
14436,0.00018088123586846444
14437,9.977143469155902e-05
14438,0.00013476128721315317
14439,0.0007978168632509219
14440,7.934079860140442e-05
14441,0.00018088123586846444
14442,0.6001626974290715
14443,0.0007681554524586395
14444,0.029124266595552374
14445,0.3001415889508691
14446,0.05598450020512158
14447,0.00013661075866336359
14448,0.00024388334639482978
14449,9.977143469155902e-05
14450,0.06530923710736963
14451,0.014736222975206728
14452,0.05116322081489366
14453,-0.00036266899287442506
14454,0.10011116415979567
14455,0.0001118871710392294
14456,9.977143469155902e-05
14457,0.10780309331355609
14458,0.15004375698345673
14459,0.35003525807418573
14460,-0.022956040774300995
14461,0.1001934187652762
14462,-0.00036266899287442506
14463,2.736222802345728e-05
14464,0.048400483500064435
14465,0.05116322081489366
14466,0.05006980135325532
14467,0.15004375698345673
14468,-4.4546149179286454e-05
14469,0.00031230382068707374
14470,6.33350504573929e-05
14471,0.0005010307155566274
14472,0.04995933551149478
14473,0.00013661075866336359
14474,0.0007407214023226957
14475,0.11029393189754988
14476,0.05894153453521883
14477,0.14960967598987798
14478,0.00020355276689101864
14479,0.02664797864125487
14480,0.650096475423606
14481,7.151481931415293e-05
14482,3.491212761586038e-05
14483,0.5032942517725619
14484,0.2976089487226114
14485,-0.00036266899287442506
14486,9.977143469155902e-05
14487,0.00018088123586846444
14488,0.40518444783881863
14489,-0.00036266899287442506
14490,0.0001118871710392294
14491,0.10017695506736704
14492,1.2830611122505164e-05
14493,0.00012893251839762865
14494,-1.5433027676370337e-05
14495,0.00020123570688611314
14496,0.15020487846192962
14497,0.11444202434842804
14498,0.04981768094610581
14499,7.927469293908529e-05
14500,0.15012655976663042
14501,0.09774017659280371
14502,5.857960429402065e-05
14503,0.0002633080950313893
14504,0.00018103166382975322
14505,0.04974312629101463
14506,0.019866201494581334
14507,8.23782215435831e-05
14508,-0.00045573861715311054
14509,0.5008140174660287
14510,0.00010587275196936863
14511,8.572575817746703e-05
14512,0.6500843423175792
14513,0.00012893251839762865
14514,0.05111611433934071
14515,0.0002633080950313893
14516,0.050005495473169174
14517,-0.0011967287589051967
14518,0.00010587275196936863
14519,5.857960429402065e-05
14520,0.00019082171435329948
14521,0.5024061490274022
14522,0.5048351465552103
14523,0.20009769180905243
14524,0.013489710414039083
14525,0.1001954750371904
14526,0.00037253758575546414
14527,0.022817812081113803
14528,0.19951163074504422
14529,0.05598450020512158
14530,0.00011680299479348288
14531,0.0002633080950313893
14532,0.05598450020512158
14533,0.05598450020512158
14534,0.20003973964515692
14535,9.499354695106238e-05
14536,-0.00046725505214648133
14537,0.050044500962817214
14538,9.001101952708923e-05
14539,0.05016788778828352
14540,0.00010460878474050084
14541,0.0005630572797195657
14542,0.7500988281089235
14543,0.00033402867021291305
14544,0.5631606802968813
14545,0.04981768094610581
14546,0.00014809551728856007
14547,-0.0003338466353797198
14548,-3.634500296975651e-05
14549,0.00011680299479348288
14550,0.049192075111105196
14551,0.05111611433934071
14552,0.00010587275196936863
14553,0.14950020578376655
14554,-0.00018709766594489363
14555,2.756128527726248e-05
14556,0.047349781868546666
14557,0.00010104228874993626
14558,0.0002633080950313893
14559,0.05011471518916728
14560,0.23610834473327047
14561,0.35015970729336254
14562,0.00010519597036530437
14563,0.049356855464652495
14564,-2.8487149721034832e-05
14565,0.05598450020512158
14566,0.0004036346379823752
14567,0.0003674706447430384
14568,-0.00017524476582542192
14569,0.0001101542381532275
14570,0.05598450020512158
14571,0.05598450020512158
14572,0.016350788547473113
14573,0.05598450020512158
14574,-6.60323483095207e-05
14575,0.05598450020512158
14576,0.05598450020512158
14577,0.05598450020512158
14578,-0.00010530901308430929
14579,8.262359071728453e-05
14580,-2.7875810772917675e-05
14581,0.00013333103100762744
14582,4.24296636237359e-06
14583,0.05598450020512158
14584,0.00017684140602211573
14585,0.05598450020512158
14586,0.00021887502221760308
14587,0.05598450020512158
14588,0.00013499299471596976
14589,6.764380741319104e-05
14590,0.001008053441765154
14591,0.05598450020512158
14592,0.05598450020512158
14593,0.00024242990398008757
14594,8.349830924420099e-05
14595,0.00014156870676669542
14596,0.0001118871710392294
14597,0.00013499299471596976
14598,0.05598450020512158
14599,9.179603534643921e-06
14600,0.05011471518916728
14601,0.05598450020512158
14602,0.16947758464341872
14603,0.0004036346379823752
14604,-2.8180095928982685e-05
14605,-2.7875810772917675e-05
14606,0.00013333103100762744
14607,7.106591724162503e-05
14608,0.05598450020512158
14609,-2.8272829229417096e-05
14610,0.2666854700351309
14611,4.929662096431198e-05
14612,0.00014156870676669542
14613,0.05598450020512158
14614,0.03269372664370749
14615,-3.025632861816674e-05
14616,0.0004454597749266806
14617,-0.00010542721583283593
14618,-0.03911811112116903
14619,5.8378635821448865e-06
14620,-0.022776139318201744
14621,0.05598450020512158
14622,0.00016424153102610056
14623,0.00014156870676669542
14624,-7.899683372505212e-05
14625,8.989854505037087e-05
14626,0.00013838016086069327
14627,8.989854505037087e-05
14628,0.05598450020512158
14629,0.00017887838373306653
14630,8.262359071728453e-05
14631,6.014093332590981e-05
14632,0.10000914860490975
14633,0.0001399137654811075
14634,0.00012054832725640757
14635,9.712206997923578e-05
14636,0.0001582467452529157
14637,0.00012113000893533565
14638,0.6500843423175792
14639,0.05598450020512158
14640,0.00035996187943979074
14641,6.355034402484583e-05
14642,0.00022570189047130262
14643,0.0001926957144584851
14644,0.00023317260483737834
14645,-0.00017443827424232228
14646,8.262359071728453e-05
14647,8.378824557940534e-05
14648,-0.038915050788132816
14649,7.019471296013102e-05
14650,0.15012655976663042
14651,1.7422361354005322e-05
14652,0.05598450020512158
14653,0.00012113000893533565
14654,0.05598450020512158
14655,0.05598450020512158
14656,0.05598450020512158
14657,0.05598450020512158
14658,0.05598450020512158
14659,0.04999963286384129
14660,0.05598450020512158
14661,-0.0003039098334473578
14662,0.05598450020512158
14663,6.77301794423657e-05
14664,0.05598450020512158
14665,0.050094817482805615
14666,0.05598450020512158
14667,0.05598450020512158
14668,5.442138146256881e-05
14669,0.0001926957144584851
14670,0.0001582467452529157
14671,0.013980350598318106
14672,0.05598450020512158
14673,0.05025263919068945
14674,0.0007407214023226957
14675,0.0003781449923802027
14676,0.05598450020512158
14677,0.05010900761427461
14678,0.05598450020512158
14679,0.05598450020512158
14680,0.016419256648698026
14681,0.05598450020512158
14682,0.05598450020512158
14683,-0.13572416910280669
14684,3.0796169032690224e-05
14685,0.05598450020512158
14686,-2.0795867909435828e-05
14687,0.0001728718082488062
14688,-5.1212783163251396e-05
14689,-2.8272829229417096e-05
14690,0.05598450020512158
14691,0.05598450020512158
14692,-2.8272829229417096e-05
14693,0.05598450020512158
14694,0.05598450020512158
14695,0.05598450020512158
14696,0.05598450020512158
14697,0.05598450020512158
14698,0.00035996187943979074
14699,0.05598450020512158
14700,0.05598450020512158
14701,0.05018494955748503
14702,0.00014760584906096247
14703,0.3498123192360412
14704,0.00012724354866905374
14705,-0.02297434407687149
14706,-0.0018256789631977272
14707,0.05598450020512158
14708,0.00019199620938370465
14709,7.896695947692822e-05
14710,8.262359071728453e-05
14711,0.00014369434768007894
14712,0.0001263992410438161
14713,-0.17422694907141986
14714,0.05598450020512158
14715,0.00046511513150959
14716,0.40017717208902787
14717,0.00014760584906096247
14718,0.049916128224167904
14719,0.05598450020512158
14720,0.05598450020512158
14721,0.00011039219839794473
14722,-2.8487149721034832e-05
14723,8.878145168818297e-05
14724,7.927469293908529e-05
14725,0.05598450020512158
14726,8.878145168818297e-05
14727,0.00014760584906096247
14728,0.05598450020512158
14729,0.016472415634125104
14730,-3.416928457763979e-05
14731,0.05598450020512158
14732,0.0001059743271856553
14733,0.05598450020512158
14734,0.052060190050563705
14735,0.05011711409059591
14736,0.00013114014721166828
14737,0.10011202614225348
14738,0.00014760584906096247
14739,7.552425518723982e-05
14740,0.1998166030053105
14741,8.878145168818297e-05
14742,0.05023519801546829
14743,0.0001937240217597183
14744,7.495769527490065e-05
14745,7.934079860140442e-05
14746,-0.023183364845873147
14747,0.1604048326736223
14748,3.015845408745055e-06
14749,5.716105594716359e-06
14750,8.464866015608224e-05
14751,0.10053048699401446
14752,6.702262968093925e-05
14753,0.0004032286572878685
14754,0.00010516999681280115
14755,0.08605625998698364
14756,0.05598450020512158
14757,0.1912984179648427
14758,0.2500565014466942
14759,1.1123956781725064e-05
14760,7.052457520554528e-05
14761,0.05598450020512158
14762,0.00012367246736004478
14763,0.00016866463768661077
14764,0.00021702570444455394
14765,0.10053048699401446
14766,0.0001365349646598249
14767,0.25025920131639606
14768,2.60548940929084e-05
14769,0.00019067490066923543
14770,0.0005400809960840677
14771,0.343800988418682
14772,0.700203989994705
14773,0.018598157442149356
14774,0.05598450020512158
14775,0.00012605099569815148
14776,0.05598450020512158
14777,-0.02315688039271102
14778,5.075782395023293e-05
14779,-4.571200092846894e-06
14780,0.0004032286572878685
14781,0.00010516999681280115
14782,0.0001582467452529157
14783,0.0001926957144584851
14784,0.20011146091604526
14785,0.49998814478360293
14786,0.05598450020512158
14787,0.05598450020512158
14788,6.082533831509168e-05
14789,0.05598450020512158
14790,0.05598450020512158
14791,-0.003958668405177564
14792,0.05598450020512158
14793,0.09995465124619382
14794,0.05020717425957735
14795,0.24021328093268907
14796,0.550103780399441
14797,0.49998814478360293
14798,0.00015312062893500095
14799,0.0004668945450919809
14800,0.10020613361489406
14801,0.0001472892742485285
14802,7.43036772146849e-05
14803,0.14875631739531764
14804,0.049812725093043596
14805,-0.024130192628199876
14806,0.05598450020512158
14807,0.05598450020512158
14808,0.018693544516650527
14809,0.00022936694945823594
14810,0.07860065091304305
14811,0.08095728468463331
14812,0.15342186919829814
14813,4.636393599644073e-05
14814,0.00021702570444455394
14815,0.10143341601072606
14816,0.14875631739531764
14817,-0.00028427533318038656
14818,6.320965297829106e-05
14819,3.378384381835797e-05
14820,0.00021778621142238413
14821,2.756128527726248e-05
14822,0.0003674706447430384
14823,9.909152587103676e-05
14824,6.764380741319104e-05
14825,-1.5433027676370337e-05
14826,0.1551341759175971
14827,0.00046511513150959
14828,0.5999844910929615
14829,4.807521502978723e-05
14830,3.904537902264804e-05
14831,0.00011680299479348288
14832,0.00020853347422476048
14833,0.5781816746122255
14834,0.19770255300433742
14835,0.3994172595445413
14836,0.39995371342692837
14837,0.05031945240466772
14838,8.989854505037087e-05
14839,0.050132044851088485
14840,0.49998814478360293
14841,0.00013741851573258884
14842,0.0006864570140845822
14843,0.00015312062893500095
14844,0.0004668945450919809
14845,0.6122629057934603
14846,0.4001373777688691
14847,0.34261502800500265
14848,-3.901345511314602e-06
14849,0.5015614736982577
14850,0.0003315077248131626
14851,4.495541876478604e-05
14852,0.00020901554057684013
14853,-3.8652203099051596e-05
14854,0.00012893251839762865
14855,0.00021435831796506877
14856,0.00020665567762240267
14857,0.10017192036598832
14858,0.3267654354778623
14859,8.989854505037087e-05
14860,0.0501504121006755
14861,6.764380741319104e-05
14862,3.904537902264804e-05
14863,0.21019971917599226
14864,0.15005166565427902
14865,0.1551341759175971
14866,0.001144770404519914
14867,8.878145168818297e-05
14868,-1.5433027676370337e-05
14869,0.0004036346379823752
14870,0.0003674706447430384
14871,-0.00017524476582542192
14872,0.0001101542381532275
14873,0.004235977859523329
14874,0.10506088133055055
14875,5.474900884219758e-05
14876,0.015397526839998718
14877,0.00014198362404321818
14878,-0.00016741107435495894
14879,0.049789637455396364
14880,8.23782215435831e-05
14881,7.219890112283855e-05
14882,0.0001118871710392294
14883,0.05598450020512158
14884,0.0003671112662935877
14885,0.05598450020512158
14886,0.00020447042087376466
14887,0.10001507431232434
14888,3.106064184669327e-05
14889,0.00014103836535438175
14890,5.7849183845645746e-05
14891,-2.8438848248560356e-05
14892,9.452605740771503e-05
14893,0.00018066793468765607
14894,0.00020447042087376466
14895,8.109668888822003e-05
14896,5.1662772383442856e-05
14897,0.05598450020512158
14898,0.05006909208222333
14899,7.113924908797725e-05
14900,5.7849183845645746e-05
14901,-2.8438848248560356e-05
14902,0.10001507431232434
14903,-4.803142363023205e-05
14904,0.15015110676820842
14905,0.00018066793468765607
14906,0.00022570189047130262
14907,0.0002633080950313893
14908,-0.12531754209431606
14909,0.00019232007728076095
14910,7.16945244952985e-05
14911,0.0001676990943369136
14912,0.05598450020512158
14913,0.0004387828014103118
14914,-8.711524566727691e-05
14915,0.11808880173059715
14916,0.19988486115494608
14917,-4.803142363023205e-05
14918,0.000691944629648944
14919,5.1662772383442856e-05
14920,0.05598450020512158
14921,0.05598450020512158
14922,-0.045273003405525813
14923,0.05598450020512158
14924,0.0002633080950313893
14925,0.00015312062893500095
14926,3.716468931145439e-05
14927,0.05598450020512158
14928,0.0001952622295615103
14929,0.9000897841793997
14930,9.452605740771503e-05
14931,-0.005414886357372292
14932,0.0001049747152644942
14933,0.05598450020512158
14934,0.0002633080950313893
14935,7.113924908797725e-05
14936,8.109668888822003e-05
14937,-9.029511724920058e-06
14938,-8.711524566727691e-05
14939,0.0007162709916423426
14940,-4.803142363023205e-05
14941,5.7849183845645746e-05
14942,-2.8438848248560356e-05
14943,0.6033194655962334
14944,0.8501241932985297
14945,0.00023586116784801714
14946,0.00013314941255104795
14947,0.10008830896862461
14948,0.00014130339183986151
14949,0.00014776575936652214
14950,0.00011221738052866193
14951,3.2995651844530682e-06
14952,0.00046511513150959
14953,2.60548940929084e-05
14954,5.442138146256881e-05
14955,0.05008417531052945
14956,0.2501906600486514
14957,0.05598450020512158
14958,3.716468931145439e-05
14959,-0.022953222018982478
14960,0.05027915983793968
14961,0.00016625889164084695
14962,0.0001679441664343001
14963,0.08624774111754414
14964,8.754384860504283e-05
14965,7.488019954818292e-05
14966,0.15023188090237305
14967,-2.9999211810773085e-05
14968,0.7501615212938313
14969,0.31656788266876207
14970,0.05598450020512158
14971,0.00010284735067905837
14972,0.04998512339578429
14973,0.5499857846397699
14974,0.05598450020512158
14975,7.927469293908529e-05
14976,8.208069487318503e-05
14977,0.00016625889164084695
14978,0.0001679441664343001
14979,0.05005297367247577
14980,-0.022490503541934617
14981,0.05027915983793968
14982,0.00011814834663032014
14983,5.812872502708455e-05
14984,0.0001280045766740845
14985,0.05009906977722367
14986,0.0001516349339160672
14987,0.20005944835438236
14988,7.488019954818292e-05
14989,0.00046511513150959
14990,0.0001280045766740845
14991,0.00016424153102610056
14992,0.00010460878474050084
14993,6.988295540369394e-05
14994,0.45020633361630186
14995,0.10356175153419653
14996,0.05036735515141921
14997,0.05201257884674016
14998,0.05598450020512158
14999,0.3002188757350966
15000,0.17630564492394674
15001,-0.00012799940664985632
15002,6.872112913569595e-05
15003,0.00020634189324909846
15004,9.841885708672393e-05
15005,-0.00016741107435495894
15006,0.00015822248115913984
15007,0.0001648355814748842
15008,0.05598450020512158
15009,0.00014130339183986151
15010,-6.786874920429453e-05
15011,0.259887773173809
15012,0.40017355197366505
15013,0.8001238287923967
15014,0.00035996187943979074
15015,0.00012495394763505085
15016,0.05111611433934071
15017,1.0734858099282134
15018,1.2727013258445383
15019,0.7508093235606299
15020,1.0001025954918727
15021,0.20005944835438236
15022,7.488019954818292e-05
15023,-0.09521773645715209
15024,0.05598450020512158
15025,0.00016424153102610056
15026,0.009425621783734045
15027,0.10506088133055055
15028,0.0001118871710392294
15029,0.08450113441306392
15030,0.05017278138607258
15031,0.00014369434768007894
15032,0.00013499299471596976
15033,0.00010387786808957467
15034,0.05598450020512158
15035,0.00021887502221760308
15036,0.05598450020512158
15037,0.00013499299471596976
15038,0.05598450020512158
15039,0.0003674706447430384
15040,8.949696550811237e-05
15041,0.05598450020512158
15042,8.735314401536742e-05
15043,0.05598450020512158
15044,0.0008655372152656521
15045,0.05598450020512158
15046,0.00020144131069573662
15047,0.05598450020512158
15048,5.849884144042833e-05
15049,7.590209001055725e-05
15050,5.527681568266718e-05
15051,6.764380741319104e-05
15052,0.18620558633251114
15053,0.06415662119478545
15054,0.0003674706447430384
15055,0.05377538191538764
15056,0.05598450020512158
15057,0.35015970729336254
15058,-1.9890595540694722e-05
15059,0.00014791570030339707
15060,0.23300932812750094
15061,0.09995703648653997
15062,0.0001245427343565808
15063,0.00013499299471596976
15064,0.00021887502221760308
15065,0.05598450020512158
15066,0.05598450020512158
15067,6.377613071513466e-05
15068,-5.1212783163251396e-05
15069,0.05598450020512158
15070,-0.0018207486120915967
15071,0.050039064268566434
15072,-0.02380014949790034
15073,0.00046511513150959
15074,0.00014156870676669542
15075,0.05598450020512158
15076,0.00024242990398008757
15077,8.349830924420099e-05
15078,0.05598450020512158
15079,0.00014156870676669542
15080,0.0001118871710392294
15081,0.00013499299471596976
15082,0.0002692712697993094
15083,3.904537902264804e-05
15084,0.00018566344431807102
15085,6.764380741319104e-05
15086,0.0003674706447430384
15087,0.00013114014721166828
15088,0.0001707497978832087
15089,-0.00021868470114615873
15090,2.5306356493622062e-05
15091,0.10010315827043068
15092,0.11857072834939189
15093,0.10073555732465721
15094,0.20005944835438236
15095,0.1253022724528256
15096,0.051179557383395004
15097,0.00016424153102610056
15098,0.09988309248228687
15099,6.095789375165639e-05
15100,0.10008830896862461
15101,-0.0011967287589051967
15102,0.00035996187943979074
15103,0.00014130339183986151
15104,0.00026988603160399416
15105,1.7422361354005322e-05
15106,8.209192361680051e-05
15107,0.5501127395816752
15108,0.00010867485460405724
15109,0.05598450020512158
15110,0.00026480284704653856
15111,0.21421085341717008
15112,0.259887773173809
15113,0.40017355197366505
15114,0.00015822248115913984
15115,0.14803532221045174
15116,0.20005944835438236
15117,0.05010900761427461
15118,-0.18816915200873913
15119,0.19987439439168916
15120,1.7422361354005322e-05
15121,0.011961227648796584
15122,0.00021678059019955565
15123,0.00017411466583680535
15124,0.0001596228071511635
15125,0.05004887375690287
15126,0.10020613361489406
15127,0.10073555732465721
15128,0.5015614736982577
15129,0.00010387786808957467
15130,0.09957804301595549
15131,0.5000463303600156
15132,9.546120188110019e-05
15133,0.00011680299479348288
15134,5.19321207761575e-05
15135,0.3079191369115043
15136,0.1007146719814296
15137,0.00018225280007942712
15138,0.1253022724528256
15139,0.20011194239020993
15140,0.20005944835438236
15141,0.00016424153102610056
15142,0.25000286190564236
15143,0.18899306241412184
15144,0.00011680299479348288
15145,-1.5881982040180653e-05
15146,0.0002561965911594827
15147,0.0475619823387573
15148,0.24990220676508945
15149,0.050169306232867375
15150,0.09988309248228687
15151,0.6502892671776807
15152,0.05004429860142723
15153,0.20005944835438236
15154,0.0003674706447430384
15155,7.568011338034142e-05
15156,0.00012042504905963869
15157,0.19987439439168916
15158,0.10008830896862461
15159,0.00010867485460405724
15160,0.35016616846427695
15161,0.027577314510948664
15162,0.00011680299479348288
15163,1.7422361354005322e-05
15164,8.23782215435831e-05
15165,0.10095192195407532
15166,0.00014130339183986151
15167,-4.8405370463008857e-05
15168,0.0031973849595144516
15169,0.29410226487471935
15170,0.5690522324193815
15171,0.5894445496858878
15172,0.30008199743897995
15173,0.2500070668077321
15174,-0.02265950498826319
15175,0.000531487217133142
15176,0.0008217451299212392
15177,-0.0005479841164686694
15178,-0.00034367538898266714
15179,6.092683088369799e-06
15180,-0.021118319172439975
15181,0.10010834232420399
15182,6.014093332590981e-05
15183,0.05598450020512158
15184,0.0001848291183654538
15185,0.05598450020512158
15186,0.3000364393633342
15187,0.00035996187943979074
15188,0.00027582974005603556
15189,8.756216224340557e-05
15190,0.0003536257231972484
15191,0.5831220161843541
15192,0.5499857846397699
15193,0.20005944835438236
15194,7.488019954818292e-05
15195,-0.04121582582011195
15196,-0.00016741107435495894
15197,2.2371975270905897e-05
15198,-0.00045573861715311054
15199,5.716105594716359e-06
15200,0.10070619093746944
15201,0.6500879871794877
15202,3.904537902264804e-05
15203,0.46873888416444687
15204,0.05598450020512158
15205,0.04983773579317331
15206,0.0499217630103642
15207,0.05598450020512158
15208,0.00012242524751117367
15209,-0.083461559021026
15210,0.05009216370911165
15211,0.00018155475230852147
15212,-0.08869996739320132
15213,0.05598450020512158
15214,-0.0001596208037588573
15215,0.10005650136777253
15216,0.00010884147366779784
15217,0.0001218267396348588
15218,0.00010451406695011906
15219,5.716105594716359e-06
15220,0.00014476538934940497
15221,0.04891408480433038
15222,0.2500070668077321
15223,0.00018155475230852147
15224,8.464866015608224e-05
15225,0.02376610775131753
15226,6.702262968093925e-05
15227,0.00046511513150959
15228,0.05598450020512158
15229,0.0001742612941893068
15230,0.050132044851088485
15231,-0.00016741107435495894
15232,-0.00045573861715311054
15233,0.05598450020512158
15234,6.702262968093925e-05
15235,0.0003793444564834797
15236,2.2371975270905897e-05
15237,0.05598450020512158
15238,0.05058895911402744
15239,0.09132041614940466
15240,0.00046511513150959
15241,0.1604048326736223
15242,0.5000570111155082
15243,0.05598450020512158
15244,0.10053048699401446
15245,0.0002062223439397992
15246,-0.040352771359858486
15247,0.00013589862629110466
15248,0.05598450020512158
15249,0.00013339064570550008
15250,-6.631329267522967e-05
15251,-7.328140622792079e-05
15252,-4.571200092846894e-06
15253,0.1604048326736223
15254,8.464866015608224e-05
15255,0.05023519801546829
15256,0.00017751395602141895
15257,0.00013855505316910655
15258,7.495769527490065e-05
15259,0.00015388738278132585
15260,0.05058895911402744
15261,-2.8272829229417096e-05
15262,0.00014798159494913005
15263,0.05598450020512158
15264,0.09132041614940466
15265,0.00046511513150959
15266,-0.00021868470114615873
15267,0.00013114014721166828
15268,0.05598450020512158
15269,0.00046511513150959
15270,0.05598450020512158
15271,8.464866015608224e-05
15272,-0.042057219838021784
15273,0.00013114014721166828
15274,-6.631329267522967e-05
15275,0.0001734508931310677
15276,0.05598450020512158
15277,0.05598450020512158
15278,0.05598450020512158
15279,-0.00010436797183808327
15280,0.00010516999681280115
15281,-2.0795867909435828e-05
15282,0.00018155475230852147
15283,8.464866015608224e-05
15284,0.15051461048095865
15285,-2.8487149721034832e-05
15286,0.18598030882317715
15287,0.5001408128113223
15288,-0.12456450818922987
15289,0.05598450020512158
15290,6.095789375165639e-05
15291,0.05598450020512158
15292,-0.00016741107435495894
15293,0.00029075265128918754
15294,0.020493197540622517
15295,-0.010994415646899486
15296,0.05598450020512158
15297,0.05598450020512158
15298,0.00035996187943979074
15299,0.6795780804777051
15300,0.9001689646418821
15301,0.050029765288382086
15302,0.44986033397962905
15303,1.7422361354005322e-05
15304,0.050026326636248564
15305,0.10073555732465721
15306,-0.13606443361399118
15307,-0.023014896987777866
15308,0.0011905195168019772
15309,0.00017831386339349498
15310,3.159600891776415e-05
15311,0.00011680299479348288
15312,0.00013314941255104795
15313,0.012827660296986988
15314,0.04998512339578429
15315,7.705563217759448e-05
15316,0.05598450020512158
15317,0.00016477683095966755
15318,0.017203654714012293
15319,0.44986033397962905
15320,0.05598450020512158
15321,0.05598450020512158
15322,-0.00010542721583283593
15323,1.7422361354005322e-05
15324,-2.9999211810773085e-05
15325,0.20005944835438236
15326,0.10018380513043587
15327,7.488019954818292e-05
15328,0.05598450020512158
15329,0.00026988603160399416
15330,0.00011221738052866193
15331,0.00014130339183986151
15332,0.0856352046874613
15333,0.15129091158806593
15334,0.0005241491851206703
15335,0.0001582467452529157
15336,0.15012655976663042
15337,0.10073555732465721
15338,0.00010387786808957467
15339,0.0001582467452529157
15340,0.6500843423175792
15341,0.0012571663200155944
15342,-0.02426003731563478
15343,-0.0018207486120915967
15344,0.00016477683095966755
15345,0.10010834232420399
15346,0.22235837377079487
15347,0.6000165443112941
15348,-0.012839467111968955
15349,0.050035537508361067
15350,0.00017068042726899046
15351,6.014093332590981e-05
15352,0.060039759340195065
15353,4.1565845429358816e-05
15354,0.0001118871710392294
15355,0.00035996187943979074
15356,0.12469331428570145
15357,0.0002152559282338276
15358,0.45011164300215756
15359,-0.022929064543352168
15360,0.050035537508361067
15361,8.926797562834599e-05
15362,4.461478383166462e-05
15363,0.20005944835438236
15364,0.0001734408355830927
15365,0.0001949260521611207
15366,0.00011184363957406074
15367,0.0002576157600262807
15368,0.0001029119317636773
15369,6.014093332590981e-05
15370,0.00024152056829527396
15371,3.7992068817979674e-05
15372,7.488019954818292e-05
15373,0.05004429860142723
15374,0.0001118871710392294
15375,0.00013838016086069327
15376,0.8002151031297776
15377,0.03489782028774036
15378,0.00012409523220351104
15379,0.00012270360837478983
15380,0.00012342845284665782
15381,0.00017083675312656865
15382,-4.4103575228826575e-06
15383,0.22232864076935357
15384,0.04650887768582343
15385,0.00013661075866336359
15386,0.05598450020512158
15387,0.05423822797393039
15388,0.5001406270600368
15389,0.16849570988505697
15390,0.09972617967510546
15391,0.05950994533867181
15392,0.010791130239126923
15393,0.020157617200072947
15394,0.00031230382068707374
15395,-2.8487149721034832e-05
15396,0.05003880848673837
15397,-0.0014689117293323964
15398,0.7002165024625874
15399,0.22106207171908726
15400,0.05025982353850328
15401,0.05010971681447451
15402,0.00031230382068707374
15403,-0.028581297399823208
15404,0.28284301238434095
15405,0.00024388334639482978
15406,0.00012419901231996988
15407,8.262359071728453e-05
15408,0.0002659182395239393
15409,0.00013661075866336359
15410,7.934079860140442e-05
15411,-2.0795867909435828e-05
15412,0.4004020330725362
15413,0.00015489822210067172
15414,0.5001594910796819
15415,0.00013312233817133756
15416,0.23322843789859635
15417,0.25035343903207047
15418,0.14960967598987798
15419,0.08789522843106995
15420,0.00031230382068707374
15421,0.00013661075866336359
15422,0.00013417594697603952
15423,0.00022753486167789716
15424,9.977143469155902e-05
15425,0.0007978168632509219
15426,0.05616206253147121
15427,0.0861799065782567
15428,0.10086123930196861
15429,-0.00036266899287442506
15430,0.12114356807506867
15431,0.1032262462416898
15432,0.45009519883868704
15433,0.1008730310489637
15434,8.262359071728453e-05
15435,0.00018965359149370614
15436,0.05026119550470226
15437,0.6000786172748003
15438,0.40105565553514555
15439,0.050087804443796194
15440,-0.00010530901308430929
15441,0.08688097630758562
15442,0.05025982353850328
15443,0.09925705174106503
15444,0.12469331428570145
15445,0.25035343903207047
15446,0.14960967598987798
15447,0.23322843789859635
15448,-0.08167196473713448
15449,0.00018679830044654455
15450,9.977143469155902e-05
15451,0.0006139739149846474
15452,-3.223818812345125e-05
15453,6.797919188496204e-05
15454,0.15025386604663793
15455,0.00042201378697859226
15456,0.00019872881725604974
15457,0.00017683080473571838
15458,-3.8652203099051596e-05
15459,0.4501715618029284
15460,0.303232897512124
15461,0.23360411572859188
15462,-0.023076420819941268
15463,0.00010417857682068488
15464,-1.3055718449582476e-05
15465,0.00013499299471596976
15466,0.03489782028774036
15467,0.00014278108932683914
15468,0.05598450020512158
15469,2.4712099360738038e-05
15470,-0.35926808559495305
15471,0.0008899503511624468
15472,0.0004036346379823752
15473,0.0001614090609978608
15474,0.015456716840944879
15475,0.15373255403875707
15476,0.0001707497978832087
15477,0.2500708625501328
15478,0.00013476128721315317
15479,0.00014156870676669542
15480,0.00017684140602211573
15481,-0.062325429990138514
15482,0.0002278827106528547
15483,7.106591724162503e-05
15484,0.00042201378697859226
15485,0.2666854700351309
15486,0.08318840019206011
15487,0.1504025416730123
15488,3.858304820059805e-05
15489,-0.07187540945607065
15490,0.2666854700351309
15491,0.21181880584874252
15492,4.929662096431198e-05
15493,0.7500343429697139
15494,0.22670357013804218
15495,0.10022747066798995
15496,-3.6510687945162656e-05
15497,0.0002720247831973638
15498,0.00013499299471596976
15499,8.989854505037087e-05
15500,-0.02402379656121245
15501,0.03489782028774036
15502,0.00014278108932683914
15503,-0.0010708121508384155
15504,-0.00010542721583283593
15505,0.15838679911934642
15506,0.25009677734597313
15507,0.19314402110531714
15508,0.05598450020512158
15509,2.756128527726248e-05
15510,0.0003674706447430384
15511,6.764380741319104e-05
15512,0.00023317260483737834
15513,0.00014156870676669542
15514,0.05598450020512158
15515,0.25004489323508394
15516,0.0004668945450919809
15517,0.05598450020512158
15518,3.378384381835797e-05
15519,-3.8652203099051596e-05
15520,0.017146670796466014
15521,0.050259859557188855
15522,8.275627483386727e-05
15523,0.017728801684297642
15524,0.05598450020512158
15525,0.0001142767132512601
15526,8.262359071728453e-05
15527,0.05598450020512158
15528,7.473449386717623e-05
15529,8.398346279933633e-05
15530,1.2409987949268952e-05
15531,0.00013661075866336359
15532,0.016366692838665445
15533,0.10010354799942611
15534,-4.354028400539722e-05
15535,0.04771526064735314
15536,0.050282846142288305
15537,0.00017098167770882022
15538,0.05598450020512158
15539,0.05598450020512158
15540,0.05224230721752556
15541,0.05598450020512158
15542,-8.297175858995587e-05
15543,0.05598450020512158
15544,0.05016788778828352
15545,0.05598450020512158
15546,0.017901878448562017
15547,0.17766200537309995
15548,0.00036704526472436383
15549,-2.8487149721034832e-05
15550,0.00014476538934940497
15551,0.13616187108390937
15552,0.09477692960023693
15553,0.05598450020512158
15554,-0.022924441358742526
15555,0.00013661075866336359
15556,0.05598450020512158
15557,0.050044500962817214
15558,0.00012038950122390812
15559,3.491212761586038e-05
15560,0.050018232175030625
15561,-0.02303240314779942
15562,-8.571111742643189e-05
15563,0.00014219394408483688
15564,0.05598450020512158
15565,5.652793376831333e-05
15566,0.00020355276689101864
15567,0.05598450020512158
15568,0.00012214576116141573
15569,0.0007407214023226957
15570,0.00013661075866336359
15571,0.05598450020512158
15572,0.00014219394408483688
15573,5.914823817271264e-05
15574,0.00013661075866336359
15575,0.00015439167131665182
15576,0.09876386136411475
15577,7.934079860140442e-05
15578,-0.5516272306011304
15579,0.05598450020512158
15580,-0.03871608864791526
15581,0.17766200537309995
15582,0.05598450020512158
15583,0.19973343563832488
15584,0.00013661075866336359
15585,0.1973340721247424
15586,0.12406911817040527
15587,0.1501583401680371
15588,0.05006980135325532
15589,-6.076363521904937e-05
15590,-0.11765215591823422
15591,0.08903444716159338
15592,0.0007978168632509219
15593,0.14960967598987798
15594,-0.00036266899287442506
15595,-0.02340044300899527
15596,7.429670337976563e-05
15597,-0.00045573861715311054
15598,1.1123956781725064e-05
15599,0.4005156773840612
15600,-0.0002624121035323043
15601,0.15008028236963614
15602,0.00010587275196936863
15603,-0.0003338466353797198
15604,0.09774017659280371
15605,0.00011899878919764684
15606,0.0002633080950313893
15607,0.019866201494581334
15608,0.6500843423175792
15609,-0.00045573861715311054
15610,8.23782215435831e-05
15611,0.25003032811332193
15612,2.9629465639946506e-05
15613,0.00012113000893533565
15614,7.151481931415293e-05
15615,-0.12145420227077142
15616,0.8501583106948793
15617,9.499354695106238e-05
15618,9.841885708672393e-05
15619,0.00012113000893533565
15620,0.00021778621142238413
15621,0.10010834232420399
15622,0.0002633080950313893
15623,0.4000829024027256
15624,0.00018066793468765607
15625,0.04987044862971146
15626,0.00010867485460405724
15627,0.0001399137654811075
15628,0.00011261027125428896
15629,0.00012113000893533565
15630,0.09982010039639472
15631,0.20843166702844876
15632,0.05016788778828352
15633,0.10043370746146353
15634,0.2668807809778082
15635,0.1629989935031147
15636,0.00014247078715216854
15637,0.15020487846192962
15638,0.00015897750887949869
15639,0.1880911035464474
15640,0.14950020578376655
15641,0.05023519801546829
15642,0.05154587627178401
15643,0.00021778621142238413
15644,0.04935709318550922
15645,0.0509426153641686
15646,-0.0011967287589051967
15647,0.00010587275196936863
15648,0.00012445308105031583
15649,0.00012893251839762865
15650,0.25024464982207484
15651,0.0001582467452529157
15652,0.05011006443194853
15653,0.00010645071059839362
15654,0.14984064108678136
15655,-0.0002624121035323043
15656,0.003555136427536701
15657,0.5427178262857117
15658,0.0003638321568098235
15659,-2.7875810772917675e-05
15660,0.00019043409673549783
15661,2.736222802345728e-05
15662,0.8001876127624642
15663,0.00012625864991566704
15664,0.2500277188394716
15665,0.00012686584983739868
15666,0.00016424153102610056
15667,0.00019043409673549783
15668,0.00015301708791231466
15669,-9.477075635659638e-05
15670,0.00014369434768007894
15671,1.6714162292347234e-05
15672,0.22111916863890071
15673,0.5500511313262516
15674,0.35001547939373256
15675,0.2278153952232946
15676,0.0864234899746891
15677,0.1502254999810042
15678,0.00013127536317898703
15679,0.24874043360899023
15680,2.736222802345728e-05
15681,-2.985079602182972e-07
15682,4.2192327775726624e-05
15683,0.0001595896198290092
15684,0.15268291985095944
15685,0.10015260235903667
15686,-1.92166755582715e-05
15687,-1.9890595540694722e-05
15688,-0.1391694457967529
15689,-0.11620824783092426
15690,-0.013530686477222054
15691,0.02074321660001765
15692,0.00015489822210067172
15693,0.01271398754693772
15694,0.00012174147451783635
15695,0.05598450020512158
15696,-2.8487149721034832e-05
15697,-0.00030992767367302165
15698,0.05353347105821026
15699,0.05598450020512158
15700,0.2394928320741185
15701,1.2409987949268952e-05
15702,0.05598450020512158
15703,0.16146229574154963
15704,0.09765993647004692
15705,-2.8487149721034832e-05
15706,8.277429126804514e-05
15707,0.10011074711491497
15708,0.08459063753039371
15709,0.05021549743895919
15710,0.05061948546287417
15711,0.05598450020512158
15712,0.05598450020512158
15713,0.00031230382068707374
15714,0.016468529073618274
15715,0.05598450020512158
15716,0.05598450020512158
15717,0.00010047790060591089
15718,1.2409987949268952e-05
15719,0.04519462321637186
15720,0.04740958908426254
15721,0.040001208196899035
15722,0.05598450020512158
15723,-1.92166755582715e-05
15724,0.00018088123586846444
15725,-5.785618319931185e-05
15726,0.00013661075866336359
15727,0.0001118871710392294
15728,8.756216224340557e-05
15729,-0.00019142978911178277
15730,0.04947467668409018
15731,0.2980073408043976
15732,0.21542561775482758
15733,0.10002509183529151
15734,-0.00036266899287442506
15735,0.15208392350559943
15736,0.10029521926441663
15737,0.04990661478273132
15738,0.149994184605329
15739,8.577342760144463e-05
15740,-0.0406478259717304
15741,9.461558373930617e-05
15742,0.09876386136411475
15743,7.429670337976563e-05
15744,8.476670479013598e-05
15745,0.09984409992559636
15746,0.00013484703194116543
15747,0.0002008369401947513
15748,5.442138146256881e-05
15749,-0.00046725505214648133
15750,0.00013661075866336359
15751,0.050018232175030625
15752,-8.571111742643189e-05
15753,0.00015439167131665182
15754,9.977143469155902e-05
15755,4.647758718750311e-05
15756,0.05346667121623628
15757,0.10009630505499573
15758,-4.4546149179286454e-05
15759,0.5001176671691225
15760,0.00031230382068707374
15761,-0.022892869211743508
15762,0.00015301708791231466
15763,0.00014369434768007894
15764,0.09998974561998542
15765,0.0002113070314269938
15766,0.0002008369401947513
